{"initial_reset_timestamp": 1571230514.4586701, "timestamps": [1571230517.8597367], "episode_lengths": [181], "episode_rewards": [181.0], "episode_types": ["t"]}