{"initial_reset_timestamp": 1571340595.3822472, "timestamps": [1571340598.6505382], "episode_lengths": [161], "episode_rewards": [161.0], "episode_types": ["t"]}